<?xml version="1.0" encoding="utf-8" ?>
<DynamicHelp xmlns="http://msdn.microsoft.com/vsdata/xsd/vsdh.xsd" xmlns:xsi="http://www.w3.org/2000/10/XMLSchema-instance" xsi:schemaLocation="http://msdn.microsoft.com/vsdata/xsd/vsdh.xsd">	
   <LINKGROUP ID="SpaceShoote_wpf" Title="SOLUTION-WIDE PROPERTIES Reference Help" Priority="2100">
      <GLYPH Expanded="vs:/ctxhelp_show.gif" Collapsed="vs:/ctxhelp_hide.gif"/>
   </LINKGROUP>


   <Context>
      <Keywords>
         <KItem Name="GameObjects.GameWorld.AddObject" />
      </Keywords>
      <Links>
         <LItem URL="ms-its:SpaceShoote_wpf.chm::/topic_00000000000000A1.html" LinkGroup="SpaceShoote_wpf">AddObject Method</LItem>
      </Links>
   </Context>
   

   <Context>
      <Keywords>
         <KItem Name="GameObjects.GameWorld.AnyObjectsFromGroup" />
      </Keywords>
      <Links>
         <LItem URL="ms-its:SpaceShoote_wpf.chm::/topic_00000000000000A5.html" LinkGroup="SpaceShoote_wpf">AnyObjectsFromGroup Method</LItem>
      </Links>
   </Context>
   

   <Context>
      <Keywords>
         <KItem Name="SpaceShoote_wpf.App" />
      </Keywords>
      <Links>
         <LItem URL="ms-its:SpaceShoote_wpf.chm::/topic_0000000000000001.html" LinkGroup="SpaceShoote_wpf">App Class</LItem>
      </Links>
   </Context>
   

   <Context>
      <Keywords>
         <KItem Name="GameObjects.BackgroundLayer1" />
      </Keywords>
      <Links>
         <LItem URL="ms-its:SpaceShoote_wpf.chm::/topic_0000000000000010.html" LinkGroup="SpaceShoote_wpf">BackgroundLayer1 Class</LItem>
      </Links>
   </Context>
   

   <Context>
      <Keywords>
         <KItem Name="GameObjects.BackgroundLayer1.BackgroundLayer1" />
      </Keywords>
      <Links>
         <LItem URL="ms-its:SpaceShoote_wpf.chm::/topic_0000000000000011.html" LinkGroup="SpaceShoote_wpf">BackgroundLayer1 Constructor</LItem>
      </Links>
   </Context>
   

   <Context>
      <Keywords>
         <KItem Name="GameObjects.BackgroundLayer2" />
      </Keywords>
      <Links>
         <LItem URL="ms-its:SpaceShoote_wpf.chm::/topic_0000000000000014.html" LinkGroup="SpaceShoote_wpf">BackgroundLayer2 Class</LItem>
      </Links>
   </Context>
   

   <Context>
      <Keywords>
         <KItem Name="GameObjects.BackgroundLayer2.BackgroundLayer2" />
      </Keywords>
      <Links>
         <LItem URL="ms-its:SpaceShoote_wpf.chm::/topic_0000000000000015.html" LinkGroup="SpaceShoote_wpf">BackgroundLayer2 Constructor</LItem>
      </Links>
   </Context>
   

   <Context>
      <Keywords>
         <KItem Name="GameObjects.Bar" />
      </Keywords>
      <Links>
         <LItem URL="ms-its:SpaceShoote_wpf.chm::/topic_0000000000000018.html" LinkGroup="SpaceShoote_wpf">Bar Class</LItem>
      </Links>
   </Context>
   

   <Context>
      <Keywords>
         <KItem Name="GameObjects.Bar.Bar" />
      </Keywords>
      <Links>
         <LItem URL="ms-its:SpaceShoote_wpf.chm::/topic_000000000000001C.html" LinkGroup="SpaceShoote_wpf">Bar Constructor</LItem>
      </Links>
   </Context>
   

   <Context>
      <Keywords>
         <KItem Name="GameObjects.Boss" />
      </Keywords>
      <Links>
         <LItem URL="ms-its:SpaceShoote_wpf.chm::/topic_0000000000000043.html" LinkGroup="SpaceShoote_wpf">Boss Class</LItem>
      </Links>
   </Context>
   

   <Context>
      <Keywords>
         <KItem Name="GameObjects.Boss.Boss" />
      </Keywords>
      <Links>
         <LItem URL="ms-its:SpaceShoote_wpf.chm::/topic_0000000000000044.html" LinkGroup="SpaceShoote_wpf">Boss Constructor</LItem>
      </Links>
   </Context>
   

   <Context>
      <Keywords>
         <KItem Name="GameObjects.GameObject.CheckCollision" />
      </Keywords>
      <Links>
         <LItem URL="ms-its:SpaceShoote_wpf.chm::/topic_000000000000006F.html" LinkGroup="SpaceShoote_wpf">CheckCollision Method</LItem>
      </Links>
   </Context>
   

   <Context>
      <Keywords>
         <KItem Name="GameObjects.GameObject.CleanUp" />
      </Keywords>
      <Links>
         <LItem URL="ms-its:SpaceShoote_wpf.chm::/topic_0000000000000071.html" LinkGroup="SpaceShoote_wpf">CleanUp Method</LItem>
      </Links>
   </Context>
   

   <Context>
      <Keywords>
         <KItem Name="GameObjects.Explosion.Copy" />
      </Keywords>
      <Links>
         <LItem URL="ms-its:SpaceShoote_wpf.chm::/topic_0000000000000049.html" LinkGroup="SpaceShoote_wpf">Copy Method {GameObjects.Explosion}</LItem>
      </Links>
   </Context>
   

   <Context>
      <Keywords>
         <KItem Name="GameObjects.Projectile.Copy" />
      </Keywords>
      <Links>
         <LItem URL="ms-its:SpaceShoote_wpf.chm::/topic_00000000000000B1.html" LinkGroup="SpaceShoote_wpf">Copy Method {GameObjects.Projectile}</LItem>
      </Links>
   </Context>
   

   <Context>
      <Keywords>
         <KItem Name="GameObjects.TextImage.Copy" />
      </Keywords>
      <Links>
         <LItem URL="ms-its:SpaceShoote_wpf.chm::/topic_0000000000000024.html" LinkGroup="SpaceShoote_wpf">Copy Method {GameObjects.TextImage}</LItem>
      </Links>
   </Context>
   

   <Context>
      <Keywords>
         <KItem Name="SpaceShoote_wpf.MainWindow.CreateStartScreen" />
      </Keywords>
      <Links>
         <LItem URL="ms-its:SpaceShoote_wpf.chm::/topic_0000000000000007.html" LinkGroup="SpaceShoote_wpf">CreateStartScreen Method</LItem>
      </Links>
   </Context>
   

   <Context>
      <Keywords>
         <KItem Name="SpaceShoote_wpf.MainWindow.CreateWorld" />
      </Keywords>
      <Links>
         <LItem URL="ms-its:SpaceShoote_wpf.chm::/topic_0000000000000008.html" LinkGroup="SpaceShoote_wpf">CreateWorld Method</LItem>
      </Links>
   </Context>
   

   <Context>
      <Keywords>
         <KItem Name="SpaceShoote_wpf.MainWindow.DebugPlayerLife" />
      </Keywords>
      <Links>
         <LItem URL="ms-its:SpaceShoote_wpf.chm::/topic_0000000000000009.html" LinkGroup="SpaceShoote_wpf">DebugPlayerLife Method</LItem>
      </Links>
   </Context>
   

   <Context>
      <Keywords>
         <KItem Name="SpaceShoote_wpf.MainWindow.DebugPlayerPos" />
      </Keywords>
      <Links>
         <LItem URL="ms-its:SpaceShoote_wpf.chm::/topic_000000000000000B.html" LinkGroup="SpaceShoote_wpf">DebugPlayerPos Method</LItem>
      </Links>
   </Context>
   

   <Context>
      <Keywords>
         <KItem Name="SpaceShoote_wpf.MainWindow.DebugPlayerScore" />
      </Keywords>
      <Links>
         <LItem URL="ms-its:SpaceShoote_wpf.chm::/topic_000000000000000A.html" LinkGroup="SpaceShoote_wpf">DebugPlayerScore Method</LItem>
      </Links>
   </Context>
   

   <Context>
      <Keywords>
         <KItem Name="SpaceShoote_wpf.MainWindow.DebugPlayerV" />
      </Keywords>
      <Links>
         <LItem URL="ms-its:SpaceShoote_wpf.chm::/topic_000000000000000C.html" LinkGroup="SpaceShoote_wpf">DebugPlayerV Method</LItem>
      </Links>
   </Context>
   

   <Context>
      <Keywords>
         <KItem Name="SpaceShoote_wpf.MainWindow.DebugWrite" />
      </Keywords>
      <Links>
         <LItem URL="ms-its:SpaceShoote_wpf.chm::/topic_000000000000000D.html" LinkGroup="SpaceShoote_wpf">DebugWrite Method</LItem>
      </Links>
   </Context>
   

   <Context>
      <Keywords>
         <KItem Name="GameObjects.GameObject.Die" />
      </Keywords>
      <Links>
         <LItem URL="ms-its:SpaceShoote_wpf.chm::/topic_0000000000000070.html" LinkGroup="SpaceShoote_wpf">Die Method {GameObjects.GameObject}</LItem>
      </Links>
   </Context>
   

   <Context>
      <Keywords>
         <KItem Name="GameObjects.Player.Die" />
      </Keywords>
      <Links>
         <LItem URL="ms-its:SpaceShoote_wpf.chm::/topic_00000000000000AE.html" LinkGroup="SpaceShoote_wpf">Die Method {GameObjects.Player}</LItem>
      </Links>
   </Context>
   

   <Context>
      <Keywords>
         <KItem Name="GameObjects.BackgroundLayer1.Draw" />
      </Keywords>
      <Links>
         <LItem URL="ms-its:SpaceShoote_wpf.chm::/topic_0000000000000013.html" LinkGroup="SpaceShoote_wpf">Draw Method {GameObjects.BackgroundLayer1}</LItem>
      </Links>
   </Context>
   

   <Context>
      <Keywords>
         <KItem Name="GameObjects.BackgroundLayer2.Draw" />
      </Keywords>
      <Links>
         <LItem URL="ms-its:SpaceShoote_wpf.chm::/topic_0000000000000017.html" LinkGroup="SpaceShoote_wpf">Draw Method {GameObjects.BackgroundLayer2}</LItem>
      </Links>
   </Context>
   

   <Context>
      <Keywords>
         <KItem Name="GameObjects.Bar.Draw" />
      </Keywords>
      <Links>
         <LItem URL="ms-its:SpaceShoote_wpf.chm::/topic_000000000000001D.html" LinkGroup="SpaceShoote_wpf">Draw Method {GameObjects.Bar}</LItem>
      </Links>
   </Context>
   

   <Context>
      <Keywords>
         <KItem Name="GameObjects.Explosion.Draw" />
      </Keywords>
      <Links>
         <LItem URL="ms-its:SpaceShoote_wpf.chm::/topic_0000000000000048.html" LinkGroup="SpaceShoote_wpf">Draw Method {GameObjects.Explosion}</LItem>
      </Links>
   </Context>
   

   <Context>
      <Keywords>
         <KItem Name="GameObjects.GameObject.Draw" />
      </Keywords>
      <Links>
         <LItem URL="ms-its:SpaceShoote_wpf.chm::/topic_000000000000006C.html" LinkGroup="SpaceShoote_wpf">Draw Method {GameObjects.GameObject}</LItem>
      </Links>
   </Context>
   

   <Context>
      <Keywords>
         <KItem Name="GameObjects.Player.Draw" />
      </Keywords>
      <Links>
         <LItem URL="ms-its:SpaceShoote_wpf.chm::/topic_00000000000000AD.html" LinkGroup="SpaceShoote_wpf">Draw Method {GameObjects.Player}</LItem>
      </Links>
   </Context>
   

   <Context>
      <Keywords>
         <KItem Name="GameObjects.TextImage.Draw" />
      </Keywords>
      <Links>
         <LItem URL="ms-its:SpaceShoote_wpf.chm::/topic_0000000000000026.html" LinkGroup="SpaceShoote_wpf">Draw Method {GameObjects.TextImage}</LItem>
      </Links>
   </Context>
   

   <Context>
      <Keywords>
         <KItem Name="GameObjects.Enemy1" />
      </Keywords>
      <Links>
         <LItem URL="ms-its:SpaceShoote_wpf.chm::/topic_0000000000000027.html" LinkGroup="SpaceShoote_wpf">Enemy1 Class</LItem>
      </Links>
   </Context>
   

   <Context>
      <Keywords>
         <KItem Name="GameObjects.Enemy1.Enemy1" />
      </Keywords>
      <Links>
         <LItem URL="ms-its:SpaceShoote_wpf.chm::/topic_0000000000000028.html" LinkGroup="SpaceShoote_wpf">Enemy1 Constructor</LItem>
      </Links>
   </Context>
   

   <Context>
      <Keywords>
         <KItem Name="GameObjects.Enemy2" />
      </Keywords>
      <Links>
         <LItem URL="ms-its:SpaceShoote_wpf.chm::/topic_000000000000002A.html" LinkGroup="SpaceShoote_wpf">Enemy2 Class</LItem>
      </Links>
   </Context>
   

   <Context>
      <Keywords>
         <KItem Name="GameObjects.Enemy2.Enemy2" />
      </Keywords>
      <Links>
         <LItem URL="ms-its:SpaceShoote_wpf.chm::/topic_000000000000002B.html" LinkGroup="SpaceShoote_wpf">Enemy2 Constructor</LItem>
      </Links>
   </Context>
   

   <Context>
      <Keywords>
         <KItem Name="GameObjects.Enemy3" />
      </Keywords>
      <Links>
         <LItem URL="ms-its:SpaceShoote_wpf.chm::/topic_000000000000002D.html" LinkGroup="SpaceShoote_wpf">Enemy3 Class</LItem>
      </Links>
   </Context>
   

   <Context>
      <Keywords>
         <KItem Name="GameObjects.Enemy3.Enemy3" />
      </Keywords>
      <Links>
         <LItem URL="ms-its:SpaceShoote_wpf.chm::/topic_000000000000002E.html" LinkGroup="SpaceShoote_wpf">Enemy3 Constructor</LItem>
      </Links>
   </Context>
   

   <Context>
      <Keywords>
         <KItem Name="GameObjects.Enemy4" />
      </Keywords>
      <Links>
         <LItem URL="ms-its:SpaceShoote_wpf.chm::/topic_0000000000000030.html" LinkGroup="SpaceShoote_wpf">Enemy4 Class</LItem>
      </Links>
   </Context>
   

   <Context>
      <Keywords>
         <KItem Name="GameObjects.Enemy4.Enemy4" />
      </Keywords>
      <Links>
         <LItem URL="ms-its:SpaceShoote_wpf.chm::/topic_0000000000000031.html" LinkGroup="SpaceShoote_wpf">Enemy4 Constructor</LItem>
      </Links>
   </Context>
   

   <Context>
      <Keywords>
         <KItem Name="GameObjects.Enemy5" />
      </Keywords>
      <Links>
         <LItem URL="ms-its:SpaceShoote_wpf.chm::/topic_0000000000000033.html" LinkGroup="SpaceShoote_wpf">Enemy5 Class</LItem>
      </Links>
   </Context>
   

   <Context>
      <Keywords>
         <KItem Name="GameObjects.Enemy5.Enemy5" />
      </Keywords>
      <Links>
         <LItem URL="ms-its:SpaceShoote_wpf.chm::/topic_0000000000000034.html" LinkGroup="SpaceShoote_wpf">Enemy5 Constructor</LItem>
      </Links>
   </Context>
   

   <Context>
      <Keywords>
         <KItem Name="GameObjects.Enemy6" />
      </Keywords>
      <Links>
         <LItem URL="ms-its:SpaceShoote_wpf.chm::/topic_0000000000000036.html" LinkGroup="SpaceShoote_wpf">Enemy6 Class</LItem>
      </Links>
   </Context>
   

   <Context>
      <Keywords>
         <KItem Name="GameObjects.Enemy6.Enemy6" />
      </Keywords>
      <Links>
         <LItem URL="ms-its:SpaceShoote_wpf.chm::/topic_0000000000000037.html" LinkGroup="SpaceShoote_wpf">Enemy6 Constructor</LItem>
      </Links>
   </Context>
   

   <Context>
      <Keywords>
         <KItem Name="GameObjects.Enemy7" />
      </Keywords>
      <Links>
         <LItem URL="ms-its:SpaceShoote_wpf.chm::/topic_0000000000000039.html" LinkGroup="SpaceShoote_wpf">Enemy7 Class</LItem>
      </Links>
   </Context>
   

   <Context>
      <Keywords>
         <KItem Name="GameObjects.Enemy7.Enemy7" />
      </Keywords>
      <Links>
         <LItem URL="ms-its:SpaceShoote_wpf.chm::/topic_000000000000003A.html" LinkGroup="SpaceShoote_wpf">Enemy7 Constructor</LItem>
      </Links>
   </Context>
   

   <Context>
      <Keywords>
         <KItem Name="GameObjects.Enemy8" />
      </Keywords>
      <Links>
         <LItem URL="ms-its:SpaceShoote_wpf.chm::/topic_000000000000003C.html" LinkGroup="SpaceShoote_wpf">Enemy8 Class</LItem>
      </Links>
   </Context>
   

   <Context>
      <Keywords>
         <KItem Name="GameObjects.Enemy8.Enemy8" />
      </Keywords>
      <Links>
         <LItem URL="ms-its:SpaceShoote_wpf.chm::/topic_000000000000003D.html" LinkGroup="SpaceShoote_wpf">Enemy8 Constructor</LItem>
      </Links>
   </Context>
   

   <Context>
      <Keywords>
         <KItem Name="GameObjects.Enemy9" />
      </Keywords>
      <Links>
         <LItem URL="ms-its:SpaceShoote_wpf.chm::/topic_000000000000003F.html" LinkGroup="SpaceShoote_wpf">Enemy9 Class</LItem>
      </Links>
   </Context>
   

   <Context>
      <Keywords>
         <KItem Name="GameObjects.Enemy9.Enemy9" />
      </Keywords>
      <Links>
         <LItem URL="ms-its:SpaceShoote_wpf.chm::/topic_0000000000000040.html" LinkGroup="SpaceShoote_wpf">Enemy9 Constructor</LItem>
      </Links>
   </Context>
   

   <Context>
      <Keywords>
         <KItem Name="GameObjects.Explosion" />
      </Keywords>
      <Links>
         <LItem URL="ms-its:SpaceShoote_wpf.chm::/topic_0000000000000046.html" LinkGroup="SpaceShoote_wpf">Explosion Class</LItem>
      </Links>
   </Context>
   

   <Context>
      <Keywords>
         <KItem Name="GameObjects.Explosion.Explosion" />
      </Keywords>
      <Links>
         <LItem URL="ms-its:SpaceShoote_wpf.chm::/topic_0000000000000047.html" LinkGroup="SpaceShoote_wpf">Explosion Constructor</LItem>
      </Links>
   </Context>
   

   <Context>
      <Keywords>
         <KItem Name="GameObjects.GameObject" />
      </Keywords>
      <Links>
         <LItem URL="ms-its:SpaceShoote_wpf.chm::/topic_000000000000004A.html" LinkGroup="SpaceShoote_wpf">GameObject Class</LItem>
      </Links>
   </Context>
   

   <Context>
      <Keywords>
         <KItem Name="GameObjects" />
      </Keywords>
      <Links>
         <LItem URL="ms-its:SpaceShoote_wpf.chm::/topic_000000000000000F.html" LinkGroup="SpaceShoote_wpf">GameObjects Namespace</LItem>
      </Links>
   </Context>
   

   <Context>
      <Keywords>
         <KItem Name="GameObjects.GameWorld.GameTick" />
      </Keywords>
      <Links>
         <LItem URL="ms-its:SpaceShoote_wpf.chm::/topic_00000000000000A4.html" LinkGroup="SpaceShoote_wpf">GameTick Method</LItem>
      </Links>
   </Context>
   

   <Context>
      <Keywords>
         <KItem Name="GameObjects.GameWorld.GameTime" />
      </Keywords>
      <Links>
         <LItem URL="ms-its:SpaceShoote_wpf.chm::/topic_00000000000000A9.html" LinkGroup="SpaceShoote_wpf">GameTime Method</LItem>
      </Links>
   </Context>
   

   <Context>
      <Keywords>
         <KItem Name="GameObjects.GameWorld.GameTimer" />
      </Keywords>
      <Links>
         <LItem URL="ms-its:SpaceShoote_wpf.chm::/topic_0000000000000088.html" LinkGroup="SpaceShoote_wpf">GameTimer Property</LItem>
      </Links>
   </Context>
   
   <Context>
      <Keywords>
         <KItem Name="GameObjects.GameWave.GameWave" />
      </Keywords>
      <Links>
         <LItem URL="ms-its:SpaceShoote_wpf.chm::/topic_000000000000007D_overloads--.html" LinkGroup="SpaceShoote_wpf">GameWave Constructor</LItem>
      </Links>
   </Context>
   
   <Context>
      <Keywords>
         <KItem Name="GameObjects.GameWave.GameWave" />
      </Keywords>
      <Links>
         <LItem URL="ms-its:SpaceShoote_wpf.chm::/topic_000000000000007E_overloads--.html" LinkGroup="SpaceShoote_wpf">GameWave Constructor</LItem>
      </Links>
   </Context>
   

   <Context>
      <Keywords>
         <KItem Name="GameObjects.GameWave" />
      </Keywords>
      <Links>
         <LItem URL="ms-its:SpaceShoote_wpf.chm::/topic_0000000000000072.html" LinkGroup="SpaceShoote_wpf">GameWave Class</LItem>
      </Links>
   </Context>
   

   <Context>
      <Keywords>
         <KItem Name="GameObjects.GameWorld" />
      </Keywords>
      <Links>
         <LItem URL="ms-its:SpaceShoote_wpf.chm::/topic_0000000000000086.html" LinkGroup="SpaceShoote_wpf">GameWorld Class</LItem>
      </Links>
   </Context>
   

   <Context>
      <Keywords>
         <KItem Name="GameObjects.GameWorld.GameWorld" />
      </Keywords>
      <Links>
         <LItem URL="ms-its:SpaceShoote_wpf.chm::/topic_00000000000000A0.html" LinkGroup="SpaceShoote_wpf">GameWorld Constructor</LItem>
      </Links>
   </Context>
   

   <Context>
      <Keywords>
         <KItem Name="GameObjects.GameWave.GenerateWave" />
      </Keywords>
      <Links>
         <LItem URL="ms-its:SpaceShoote_wpf.chm::/topic_000000000000007F.html" LinkGroup="SpaceShoote_wpf">GenerateWave Method</LItem>
      </Links>
   </Context>
   

   <Context>
      <Keywords>
         <KItem Name="GameObjects.GameWorld.GetFPS" />
      </Keywords>
      <Links>
         <LItem URL="ms-its:SpaceShoote_wpf.chm::/topic_00000000000000A6.html" LinkGroup="SpaceShoote_wpf">GetFPS Method</LItem>
      </Links>
   </Context>
   

   <Context>
      <Keywords>
         <KItem Name="GameObjects.GameWave.GetNextEnemy" />
      </Keywords>
      <Links>
         <LItem URL="ms-its:SpaceShoote_wpf.chm::/topic_0000000000000081.html" LinkGroup="SpaceShoote_wpf">GetNextEnemy Method</LItem>
      </Links>
   </Context>
   

   <Context>
      <Keywords>
         <KItem Name="GameObjects.GameWave.IsWaveOver" />
      </Keywords>
      <Links>
         <LItem URL="ms-its:SpaceShoote_wpf.chm::/topic_0000000000000080.html" LinkGroup="SpaceShoote_wpf">IsWaveOver Method</LItem>
      </Links>
   </Context>
   

   <Context>
      <Keywords>
         <KItem Name="SpaceShoote_wpf.MainWindow" />
      </Keywords>
      <Links>
         <LItem URL="ms-its:SpaceShoote_wpf.chm::/topic_0000000000000002.html" LinkGroup="SpaceShoote_wpf">MainWindow Class</LItem>
      </Links>
   </Context>
   

   <Context>
      <Keywords>
         <KItem Name="SpaceShoote_wpf.MainWindow.MainWindow" />
      </Keywords>
      <Links>
         <LItem URL="ms-its:SpaceShoote_wpf.chm::/topic_0000000000000003.html" LinkGroup="SpaceShoote_wpf">MainWindow Constructor</LItem>
      </Links>
   </Context>
   

   <Context>
      <Keywords>
         <KItem Name="GameObjects.GameObject.Move" />
      </Keywords>
      <Links>
         <LItem URL="ms-its:SpaceShoote_wpf.chm::/topic_000000000000006E.html" LinkGroup="SpaceShoote_wpf">Move Method</LItem>
      </Links>
   </Context>
   

   <Context>
      <Keywords>
         <KItem Name="GameObjects.GameWorld.Pause" />
      </Keywords>
      <Links>
         <LItem URL="ms-its:SpaceShoote_wpf.chm::/topic_00000000000000A7.html" LinkGroup="SpaceShoote_wpf">Pause Method</LItem>
      </Links>
   </Context>
   

   <Context>
      <Keywords>
         <KItem Name="GameObjects.Player" />
      </Keywords>
      <Links>
         <LItem URL="ms-its:SpaceShoote_wpf.chm::/topic_00000000000000AA.html" LinkGroup="SpaceShoote_wpf">Player Class</LItem>
      </Links>
   </Context>
   

   <Context>
      <Keywords>
         <KItem Name="GameObjects.Player.Player" />
      </Keywords>
      <Links>
         <LItem URL="ms-its:SpaceShoote_wpf.chm::/topic_00000000000000AB.html" LinkGroup="SpaceShoote_wpf">Player Constructor</LItem>
      </Links>
   </Context>
   

   <Context>
      <Keywords>
         <KItem Name="GameObjects.GameObject.Position" />
      </Keywords>
      <Links>
         <LItem URL="ms-its:SpaceShoote_wpf.chm::/topic_000000000000005C.html" LinkGroup="SpaceShoote_wpf">Position Field</LItem>
      </Links>
   </Context>
   

   <Context>
      <Keywords>
         <KItem Name="GameObjects.Projectile" />
      </Keywords>
      <Links>
         <LItem URL="ms-its:SpaceShoote_wpf.chm::/topic_00000000000000AF.html" LinkGroup="SpaceShoote_wpf">Projectile Class</LItem>
      </Links>
   </Context>
   

   <Context>
      <Keywords>
         <KItem Name="GameObjects.Projectile.Projectile" />
      </Keywords>
      <Links>
         <LItem URL="ms-its:SpaceShoote_wpf.chm::/topic_00000000000000B0.html" LinkGroup="SpaceShoote_wpf">Projectile Constructor</LItem>
      </Links>
   </Context>
   

   <Context>
      <Keywords>
         <KItem Name="SOLUTION-WIDE PROPERTIES Reference" />
      </Keywords>
      <Links>
         <LItem URL="ms-its:SpaceShoote_wpf.chm::/topic_00000000000000BD.html" LinkGroup="SpaceShoote_wpf">SOLUTION-WIDE PROPERTIES Reference</LItem>
      </Links>
   </Context>
   

   <Context>
      <Keywords>
         <KItem Name="GameObjects.GameObject.Scale" />
      </Keywords>
      <Links>
         <LItem URL="ms-its:SpaceShoote_wpf.chm::/topic_0000000000000051.html" LinkGroup="SpaceShoote_wpf">Scale Field</LItem>
      </Links>
   </Context>
   

   <Context>
      <Keywords>
         <KItem Name="GameObjects.Ship" />
      </Keywords>
      <Links>
         <LItem URL="ms-its:SpaceShoote_wpf.chm::/topic_00000000000000B2.html" LinkGroup="SpaceShoote_wpf">Ship Class</LItem>
      </Links>
   </Context>
   

   <Context>
      <Keywords>
         <KItem Name="GameObjects.Enemy9.Shoot" />
      </Keywords>
      <Links>
         <LItem URL="ms-its:SpaceShoote_wpf.chm::/topic_0000000000000042.html" LinkGroup="SpaceShoote_wpf">Shoot Method {GameObjects.Enemy9}</LItem>
      </Links>
   </Context>
   

   <Context>
      <Keywords>
         <KItem Name="GameObjects.Ship.Shoot" />
      </Keywords>
      <Links>
         <LItem URL="ms-its:SpaceShoote_wpf.chm::/topic_00000000000000BC.html" LinkGroup="SpaceShoote_wpf">Shoot Method {GameObjects.Ship}</LItem>
      </Links>
   </Context>
   

   <Context>
      <Keywords>
         <KItem Name="SpaceShoote_wpf" />
      </Keywords>
      <Links>
         <LItem URL="ms-its:SpaceShoote_wpf.chm::/topic_0000000000000000.html" LinkGroup="SpaceShoote_wpf">SpaceShoote_wpf Namespace</LItem>
      </Links>
   </Context>
   

   <Context>
      <Keywords>
         <KItem Name="GameObjects.SpawnData.SpawnData" />
      </Keywords>
      <Links>
         <LItem URL="ms-its:SpaceShoote_wpf.chm::/topic_0000000000000085.html" LinkGroup="SpaceShoote_wpf">SpawnData Constructor</LItem>
      </Links>
   </Context>
   

   <Context>
      <Keywords>
         <KItem Name="GameObjects.SpawnData" />
      </Keywords>
      <Links>
         <LItem URL="ms-its:SpaceShoote_wpf.chm::/topic_0000000000000082.html" LinkGroup="SpaceShoote_wpf">SpawnData Structure</LItem>
      </Links>
   </Context>
   

   <Context>
      <Keywords>
         <KItem Name="GameObjects.GameObject.Speed" />
      </Keywords>
      <Links>
         <LItem URL="ms-its:SpaceShoote_wpf.chm::/topic_0000000000000058.html" LinkGroup="SpaceShoote_wpf">Speed Field</LItem>
      </Links>
   </Context>
   

   <Context>
      <Keywords>
         <KItem Name="SpaceShoote_wpf.MainWindow.StartGame" />
      </Keywords>
      <Links>
         <LItem URL="ms-its:SpaceShoote_wpf.chm::/topic_0000000000000006.html" LinkGroup="SpaceShoote_wpf">StartGame Method</LItem>
      </Links>
   </Context>
   

   <Context>
      <Keywords>
         <KItem Name="GameObjects.GameWorld.StartTimer" />
      </Keywords>
      <Links>
         <LItem URL="ms-its:SpaceShoote_wpf.chm::/topic_00000000000000A3.html" LinkGroup="SpaceShoote_wpf">StartTimer Method</LItem>
      </Links>
   </Context>
   
   <Context>
      <Keywords>
         <KItem Name="GameObjects.TextImage.TextImage" />
      </Keywords>
      <Links>
         <LItem URL="ms-its:SpaceShoote_wpf.chm::/topic_0000000000000023_overloads--.html" LinkGroup="SpaceShoote_wpf">TextImage Constructor</LItem>
      </Links>
   </Context>
   
   <Context>
      <Keywords>
         <KItem Name="GameObjects.TextImage.TextImage" />
      </Keywords>
      <Links>
         <LItem URL="ms-its:SpaceShoote_wpf.chm::/topic_0000000000000022_overloads--.html" LinkGroup="SpaceShoote_wpf">TextImage Constructor</LItem>
      </Links>
   </Context>
   
   <Context>
      <Keywords>
         <KItem Name="GameObjects.TextImage.TextImage" />
      </Keywords>
      <Links>
         <LItem URL="ms-its:SpaceShoote_wpf.chm::/topic_0000000000000021_overloads--.html" LinkGroup="SpaceShoote_wpf">TextImage Constructor</LItem>
      </Links>
   </Context>
   

   <Context>
      <Keywords>
         <KItem Name="GameObjects.TextImage" />
      </Keywords>
      <Links>
         <LItem URL="ms-its:SpaceShoote_wpf.chm::/topic_000000000000001E.html" LinkGroup="SpaceShoote_wpf">TextImage Class</LItem>
      </Links>
   </Context>
   

   <Context>
      <Keywords>
         <KItem Name="GameObjects.BackgroundLayer1.Tick" />
      </Keywords>
      <Links>
         <LItem URL="ms-its:SpaceShoote_wpf.chm::/topic_0000000000000012.html" LinkGroup="SpaceShoote_wpf">Tick Method {GameObjects.BackgroundLayer1}</LItem>
      </Links>
   </Context>
   

   <Context>
      <Keywords>
         <KItem Name="GameObjects.BackgroundLayer2.Tick" />
      </Keywords>
      <Links>
         <LItem URL="ms-its:SpaceShoote_wpf.chm::/topic_0000000000000016.html" LinkGroup="SpaceShoote_wpf">Tick Method {GameObjects.BackgroundLayer2}</LItem>
      </Links>
   </Context>
   

   <Context>
      <Keywords>
         <KItem Name="GameObjects.Boss.Tick" />
      </Keywords>
      <Links>
         <LItem URL="ms-its:SpaceShoote_wpf.chm::/topic_0000000000000045.html" LinkGroup="SpaceShoote_wpf">Tick Method {GameObjects.Boss}</LItem>
      </Links>
   </Context>
   

   <Context>
      <Keywords>
         <KItem Name="GameObjects.Enemy1.Tick" />
      </Keywords>
      <Links>
         <LItem URL="ms-its:SpaceShoote_wpf.chm::/topic_0000000000000029.html" LinkGroup="SpaceShoote_wpf">Tick Method {GameObjects.Enemy1}</LItem>
      </Links>
   </Context>
   

   <Context>
      <Keywords>
         <KItem Name="GameObjects.Enemy2.Tick" />
      </Keywords>
      <Links>
         <LItem URL="ms-its:SpaceShoote_wpf.chm::/topic_000000000000002C.html" LinkGroup="SpaceShoote_wpf">Tick Method {GameObjects.Enemy2}</LItem>
      </Links>
   </Context>
   

   <Context>
      <Keywords>
         <KItem Name="GameObjects.Enemy3.Tick" />
      </Keywords>
      <Links>
         <LItem URL="ms-its:SpaceShoote_wpf.chm::/topic_000000000000002F.html" LinkGroup="SpaceShoote_wpf">Tick Method {GameObjects.Enemy3}</LItem>
      </Links>
   </Context>
   

   <Context>
      <Keywords>
         <KItem Name="GameObjects.Enemy4.Tick" />
      </Keywords>
      <Links>
         <LItem URL="ms-its:SpaceShoote_wpf.chm::/topic_0000000000000032.html" LinkGroup="SpaceShoote_wpf">Tick Method {GameObjects.Enemy4}</LItem>
      </Links>
   </Context>
   

   <Context>
      <Keywords>
         <KItem Name="GameObjects.Enemy5.Tick" />
      </Keywords>
      <Links>
         <LItem URL="ms-its:SpaceShoote_wpf.chm::/topic_0000000000000035.html" LinkGroup="SpaceShoote_wpf">Tick Method {GameObjects.Enemy5}</LItem>
      </Links>
   </Context>
   

   <Context>
      <Keywords>
         <KItem Name="GameObjects.Enemy6.Tick" />
      </Keywords>
      <Links>
         <LItem URL="ms-its:SpaceShoote_wpf.chm::/topic_0000000000000038.html" LinkGroup="SpaceShoote_wpf">Tick Method {GameObjects.Enemy6}</LItem>
      </Links>
   </Context>
   

   <Context>
      <Keywords>
         <KItem Name="GameObjects.Enemy7.Tick" />
      </Keywords>
      <Links>
         <LItem URL="ms-its:SpaceShoote_wpf.chm::/topic_000000000000003B.html" LinkGroup="SpaceShoote_wpf">Tick Method {GameObjects.Enemy7}</LItem>
      </Links>
   </Context>
   

   <Context>
      <Keywords>
         <KItem Name="GameObjects.Enemy8.Tick" />
      </Keywords>
      <Links>
         <LItem URL="ms-its:SpaceShoote_wpf.chm::/topic_000000000000003E.html" LinkGroup="SpaceShoote_wpf">Tick Method {GameObjects.Enemy8}</LItem>
      </Links>
   </Context>
   

   <Context>
      <Keywords>
         <KItem Name="GameObjects.Enemy9.Tick" />
      </Keywords>
      <Links>
         <LItem URL="ms-its:SpaceShoote_wpf.chm::/topic_0000000000000041.html" LinkGroup="SpaceShoote_wpf">Tick Method {GameObjects.Enemy9}</LItem>
      </Links>
   </Context>
   

   <Context>
      <Keywords>
         <KItem Name="GameObjects.GameObject.Tick" />
      </Keywords>
      <Links>
         <LItem URL="ms-its:SpaceShoote_wpf.chm::/topic_000000000000006B.html" LinkGroup="SpaceShoote_wpf">Tick Method {GameObjects.GameObject}</LItem>
      </Links>
   </Context>
   

   <Context>
      <Keywords>
         <KItem Name="GameObjects.Player.Tick" />
      </Keywords>
      <Links>
         <LItem URL="ms-its:SpaceShoote_wpf.chm::/topic_00000000000000AC.html" LinkGroup="SpaceShoote_wpf">Tick Method {GameObjects.Player}</LItem>
      </Links>
   </Context>
   

   <Context>
      <Keywords>
         <KItem Name="GameObjects.Ship.Tick" />
      </Keywords>
      <Links>
         <LItem URL="ms-its:SpaceShoote_wpf.chm::/topic_00000000000000BB.html" LinkGroup="SpaceShoote_wpf">Tick Method {GameObjects.Ship}</LItem>
      </Links>
   </Context>
   

   <Context>
      <Keywords>
         <KItem Name="GameObjects.GameObject.TransitionTo" />
      </Keywords>
      <Links>
         <LItem URL="ms-its:SpaceShoote_wpf.chm::/topic_000000000000006D.html" LinkGroup="SpaceShoote_wpf">TransitionTo Method</LItem>
      </Links>
   </Context>
   

   <Context>
      <Keywords>
         <KItem Name="GameObjects.GameWorld.UnPause" />
      </Keywords>
      <Links>
         <LItem URL="ms-its:SpaceShoote_wpf.chm::/topic_00000000000000A8.html" LinkGroup="SpaceShoote_wpf">UnPause Method</LItem>
      </Links>
   </Context>
   

   <Context>
      <Keywords>
         <KItem Name="GameObjects.TextImage.UpdateNumber" />
      </Keywords>
      <Links>
         <LItem URL="ms-its:SpaceShoote_wpf.chm::/topic_0000000000000025.html" LinkGroup="SpaceShoote_wpf">UpdateNumber Method</LItem>
      </Links>
   </Context>
   

   <Context>
      <Keywords>
         <KItem Name="GameObjects.GameObject.Velocity" />
      </Keywords>
      <Links>
         <LItem URL="ms-its:SpaceShoote_wpf.chm::/topic_000000000000005D.html" LinkGroup="SpaceShoote_wpf">Velocity Field</LItem>
      </Links>
   </Context>
   

   <Context>
      <Keywords>
         <KItem Name="GameObjects.GameWave.WaveClearScore" />
      </Keywords>
      <Links>
         <LItem URL="ms-its:SpaceShoote_wpf.chm::/topic_0000000000000079.html" LinkGroup="SpaceShoote_wpf">WaveClearScore Field</LItem>
      </Links>
   </Context>
   

   <Context>
      <Keywords>
         <KItem Name="GameObjects.GameWave.WaveGroup" />
      </Keywords>
      <Links>
         <LItem URL="ms-its:SpaceShoote_wpf.chm::/topic_0000000000000078.html" LinkGroup="SpaceShoote_wpf">WaveGroup Field</LItem>
      </Links>
   </Context>
   

   <Context>
      <Keywords>
         <KItem Name="GameObjects.GameObject.animoffset" />
      </Keywords>
      <Links>
         <LItem URL="ms-its:SpaceShoote_wpf.chm::/topic_0000000000000054.html" LinkGroup="SpaceShoote_wpf">animoffset Field</LItem>
      </Links>
   </Context>
   

   <Context>
      <Keywords>
         <KItem Name="GameObjects.GameWorld.bossHealth" />
      </Keywords>
      <Links>
         <LItem URL="ms-its:SpaceShoote_wpf.chm::/topic_0000000000000096.html" LinkGroup="SpaceShoote_wpf">bossHealth Field</LItem>
      </Links>
   </Context>
   

   <Context>
      <Keywords>
         <KItem Name="GameObjects.GameObject.boundToWindow" />
      </Keywords>
      <Links>
         <LItem URL="ms-its:SpaceShoote_wpf.chm::/topic_000000000000005A.html" LinkGroup="SpaceShoote_wpf">boundToWindow Field</LItem>
      </Links>
   </Context>
   

   <Context>
      <Keywords>
         <KItem Name="GameObjects.Ship.canShoot1" />
      </Keywords>
      <Links>
         <LItem URL="ms-its:SpaceShoote_wpf.chm::/topic_00000000000000B3.html" LinkGroup="SpaceShoote_wpf">canShoot1 Field</LItem>
      </Links>
   </Context>
   

   <Context>
      <Keywords>
         <KItem Name="GameObjects.Ship.canShoot2" />
      </Keywords>
      <Links>
         <LItem URL="ms-its:SpaceShoote_wpf.chm::/topic_00000000000000B4.html" LinkGroup="SpaceShoote_wpf">canShoot2 Field</LItem>
      </Links>
   </Context>
   

   <Context>
      <Keywords>
         <KItem Name="GameObjects.Ship.canShootNext1" />
      </Keywords>
      <Links>
         <LItem URL="ms-its:SpaceShoote_wpf.chm::/topic_00000000000000B7.html" LinkGroup="SpaceShoote_wpf">canShootNext1 Field</LItem>
      </Links>
   </Context>
   

   <Context>
      <Keywords>
         <KItem Name="GameObjects.Ship.canShootNext2" />
      </Keywords>
      <Links>
         <LItem URL="ms-its:SpaceShoote_wpf.chm::/topic_00000000000000B8.html" LinkGroup="SpaceShoote_wpf">canShootNext2 Field</LItem>
      </Links>
   </Context>
   

   <Context>
      <Keywords>
         <KItem Name="GameObjects.GameObject.checkCollisions" />
      </Keywords>
      <Links>
         <LItem URL="ms-its:SpaceShoote_wpf.chm::/topic_000000000000005F.html" LinkGroup="SpaceShoote_wpf">checkCollisions Field</LItem>
      </Links>
   </Context>
   

   <Context>
      <Keywords>
         <KItem Name="GameObjects.GameObject.children" />
      </Keywords>
      <Links>
         <LItem URL="ms-its:SpaceShoote_wpf.chm::/topic_000000000000004B.html" LinkGroup="SpaceShoote_wpf">children Field</LItem>
      </Links>
   </Context>
   

   <Context>
      <Keywords>
         <KItem Name="GameObjects.GameWave.clearedEnemiesSkip" />
      </Keywords>
      <Links>
         <LItem URL="ms-its:SpaceShoote_wpf.chm::/topic_000000000000007A.html" LinkGroup="SpaceShoote_wpf">clearedEnemiesSkip Field</LItem>
      </Links>
   </Context>
   

   <Context>
      <Keywords>
         <KItem Name="GameObjects.GameObject.collisionDamage" />
      </Keywords>
      <Links>
         <LItem URL="ms-its:SpaceShoote_wpf.chm::/topic_0000000000000063.html" LinkGroup="SpaceShoote_wpf">collisionDamage Field</LItem>
      </Links>
   </Context>
   

   <Context>
      <Keywords>
         <KItem Name="GameObjects.GameObject.collisionMask" />
      </Keywords>
      <Links>
         <LItem URL="ms-its:SpaceShoote_wpf.chm::/topic_0000000000000061.html" LinkGroup="SpaceShoote_wpf">collisionMask Field</LItem>
      </Links>
   </Context>
   

   <Context>
      <Keywords>
         <KItem Name="GameObjects.GameWorld.currentBoss" />
      </Keywords>
      <Links>
         <LItem URL="ms-its:SpaceShoote_wpf.chm::/topic_000000000000008B.html" LinkGroup="SpaceShoote_wpf">currentBoss Field</LItem>
      </Links>
   </Context>
   

   <Context>
      <Keywords>
         <KItem Name="GameObjects.GameWorld.currentWave" />
      </Keywords>
      <Links>
         <LItem URL="ms-its:SpaceShoote_wpf.chm::/topic_000000000000008A.html" LinkGroup="SpaceShoote_wpf">currentWave Field</LItem>
      </Links>
   </Context>
   

   <Context>
      <Keywords>
         <KItem Name="GameObjects.SpawnData.delay" />
      </Keywords>
      <Links>
         <LItem URL="ms-its:SpaceShoote_wpf.chm::/topic_0000000000000084.html" LinkGroup="SpaceShoote_wpf">delay Field</LItem>
      </Links>
   </Context>
   

   <Context>
      <Keywords>
         <KItem Name="GameObjects.GameObject.deleteOffscreen" />
      </Keywords>
      <Links>
         <LItem URL="ms-its:SpaceShoote_wpf.chm::/topic_000000000000006A.html" LinkGroup="SpaceShoote_wpf">deleteOffscreen Field</LItem>
      </Links>
   </Context>
   

   <Context>
      <Keywords>
         <KItem Name="GameObjects.GameWorld.deltatime" />
      </Keywords>
      <Links>
         <LItem URL="ms-its:SpaceShoote_wpf.chm::/topic_00000000000000A2.html" LinkGroup="SpaceShoote_wpf">deltatime Property</LItem>
      </Links>
   </Context>
   

   <Context>
      <Keywords>
         <KItem Name="GameObjects.GameWave.difficultyFactor" />
      </Keywords>
      <Links>
         <LItem URL="ms-its:SpaceShoote_wpf.chm::/topic_0000000000000077.html" LinkGroup="SpaceShoote_wpf">difficultyFactor Field</LItem>
      </Links>
   </Context>
   

   <Context>
      <Keywords>
         <KItem Name="GameObjects.GameWorld.difficultyIncraese" />
      </Keywords>
      <Links>
         <LItem URL="ms-its:SpaceShoote_wpf.chm::/topic_0000000000000090.html" LinkGroup="SpaceShoote_wpf">difficultyIncraese Field</LItem>
      </Links>
   </Context>
   

   <Context>
      <Keywords>
         <KItem Name="GameObjects.GameWave.duration" />
      </Keywords>
      <Links>
         <LItem URL="ms-its:SpaceShoote_wpf.chm::/topic_0000000000000076.html" LinkGroup="SpaceShoote_wpf">duration Field</LItem>
      </Links>
   </Context>
   

   <Context>
      <Keywords>
         <KItem Name="GameObjects.Bar.endColor" />
      </Keywords>
      <Links>
         <LItem URL="ms-its:SpaceShoote_wpf.chm::/topic_000000000000001A.html" LinkGroup="SpaceShoote_wpf">endColor Field</LItem>
      </Links>
   </Context>
   

   <Context>
      <Keywords>
         <KItem Name="GameObjects.GameWave.enemies" />
      </Keywords>
      <Links>
         <LItem URL="ms-its:SpaceShoote_wpf.chm::/topic_0000000000000073.html" LinkGroup="SpaceShoote_wpf">enemies Field</LItem>
      </Links>
   </Context>
   

   <Context>
      <Keywords>
         <KItem Name="GameObjects.GameObject.explosionDamage" />
      </Keywords>
      <Links>
         <LItem URL="ms-its:SpaceShoote_wpf.chm::/topic_0000000000000068.html" LinkGroup="SpaceShoote_wpf">explosionDamage Field</LItem>
      </Links>
   </Context>
   

   <Context>
      <Keywords>
         <KItem Name="GameObjects.GameWorld.explosionPrefab" />
      </Keywords>
      <Links>
         <LItem URL="ms-its:SpaceShoote_wpf.chm::/topic_000000000000008C.html" LinkGroup="SpaceShoote_wpf">explosionPrefab Field</LItem>
      </Links>
   </Context>
   

   <Context>
      <Keywords>
         <KItem Name="GameObjects.GameObject.explosionSize" />
      </Keywords>
      <Links>
         <LItem URL="ms-its:SpaceShoote_wpf.chm::/topic_0000000000000067.html" LinkGroup="SpaceShoote_wpf">explosionSize Field</LItem>
      </Links>
   </Context>
   

   <Context>
      <Keywords>
         <KItem Name="GameObjects.Ship.fireRate1" />
      </Keywords>
      <Links>
         <LItem URL="ms-its:SpaceShoote_wpf.chm::/topic_00000000000000B5.html" LinkGroup="SpaceShoote_wpf">fireRate1 Field</LItem>
      </Links>
   </Context>
   

   <Context>
      <Keywords>
         <KItem Name="GameObjects.Ship.fireRate2" />
      </Keywords>
      <Links>
         <LItem URL="ms-its:SpaceShoote_wpf.chm::/topic_00000000000000B6.html" LinkGroup="SpaceShoote_wpf">fireRate2 Field</LItem>
      </Links>
   </Context>
   

   <Context>
      <Keywords>
         <KItem Name="GameObjects.SpawnData.gameObject" />
      </Keywords>
      <Links>
         <LItem URL="ms-its:SpaceShoote_wpf.chm::/topic_0000000000000083.html" LinkGroup="SpaceShoote_wpf">gameObject Field</LItem>
      </Links>
   </Context>
   

   <Context>
      <Keywords>
         <KItem Name="GameObjects.GameWorld.gameObjects" />
      </Keywords>
      <Links>
         <LItem URL="ms-its:SpaceShoote_wpf.chm::/topic_0000000000000087.html" LinkGroup="SpaceShoote_wpf">gameObjects Property</LItem>
      </Links>
   </Context>
   

   <Context>
      <Keywords>
         <KItem Name="GameObjects.GameWorld.gameOverText" />
      </Keywords>
      <Links>
         <LItem URL="ms-its:SpaceShoote_wpf.chm::/topic_000000000000009A.html" LinkGroup="SpaceShoote_wpf">gameOverText Field</LItem>
      </Links>
   </Context>
   

   <Context>
      <Keywords>
         <KItem Name="GameObjects.GameWorld.gameState" />
      </Keywords>
      <Links>
         <LItem URL="ms-its:SpaceShoote_wpf.chm::/topic_000000000000009F.html" LinkGroup="SpaceShoote_wpf">gameState Field</LItem>
      </Links>
   </Context>
   

   <Context>
      <Keywords>
         <KItem Name="GameObjects.GameObject.gameWorld" />
      </Keywords>
      <Links>
         <LItem URL="ms-its:SpaceShoote_wpf.chm::/topic_000000000000004C.html" LinkGroup="SpaceShoote_wpf">gameWorld Field</LItem>
      </Links>
   </Context>
   

   <Context>
      <Keywords>
         <KItem Name="GameObjects.GameObject.group" />
      </Keywords>
      <Links>
         <LItem URL="ms-its:SpaceShoote_wpf.chm::/topic_0000000000000062.html" LinkGroup="SpaceShoote_wpf">group Field</LItem>
      </Links>
   </Context>
   

   <Context>
      <Keywords>
         <KItem Name="SpaceShoote_wpf.MainWindow.height" />
      </Keywords>
      <Links>
         <LItem URL="ms-its:SpaceShoote_wpf.chm::/topic_0000000000000004.html" LinkGroup="SpaceShoote_wpf">height Field</LItem>
      </Links>
   </Context>
   

   <Context>
      <Keywords>
         <KItem Name="GameObjects.GameObject.hitboxRadius" />
      </Keywords>
      <Links>
         <LItem URL="ms-its:SpaceShoote_wpf.chm::/topic_000000000000005B.html" LinkGroup="SpaceShoote_wpf">hitboxRadius Field</LItem>
      </Links>
   </Context>
   

   <Context>
      <Keywords>
         <KItem Name="GameObjects.GameWorld.language" />
      </Keywords>
      <Links>
         <LItem URL="ms-its:SpaceShoote_wpf.chm::/topic_0000000000000092.html" LinkGroup="SpaceShoote_wpf">language Field</LItem>
      </Links>
   </Context>
   

   <Context>
      <Keywords>
         <KItem Name="GameObjects.GameObject.life" />
      </Keywords>
      <Links>
         <LItem URL="ms-its:SpaceShoote_wpf.chm::/topic_0000000000000065.html" LinkGroup="SpaceShoote_wpf">life Field</LItem>
      </Links>
   </Context>
   

   <Context>
      <Keywords>
         <KItem Name="GameObjects.GameObject.markedForDeletion" />
      </Keywords>
      <Links>
         <LItem URL="ms-its:SpaceShoote_wpf.chm::/topic_0000000000000069.html" LinkGroup="SpaceShoote_wpf">markedForDeletion Field</LItem>
      </Links>
   </Context>
   

   <Context>
      <Keywords>
         <KItem Name="GameObjects.TextImage.name" />
      </Keywords>
      <Links>
         <LItem URL="ms-its:SpaceShoote_wpf.chm::/topic_000000000000001F.html" LinkGroup="SpaceShoote_wpf">name Field</LItem>
      </Links>
   </Context>
   

   <Context>
      <Keywords>
         <KItem Name="GameObjects.GameWave.nextEnemy" />
      </Keywords>
      <Links>
         <LItem URL="ms-its:SpaceShoote_wpf.chm::/topic_000000000000007B.html" LinkGroup="SpaceShoote_wpf">nextEnemy Field</LItem>
      </Links>
   </Context>
   

   <Context>
      <Keywords>
         <KItem Name="GameObjects.GameWave.nextObject" />
      </Keywords>
      <Links>
         <LItem URL="ms-its:SpaceShoote_wpf.chm::/topic_000000000000007C.html" LinkGroup="SpaceShoote_wpf">nextObject Field</LItem>
      </Links>
   </Context>
   

   <Context>
      <Keywords>
         <KItem Name="GameObjects.TextImage.numbers" />
      </Keywords>
      <Links>
         <LItem URL="ms-its:SpaceShoote_wpf.chm::/topic_0000000000000020.html" LinkGroup="SpaceShoote_wpf">numbers Field</LItem>
      </Links>
   </Context>
   

   <Context>
      <Keywords>
         <KItem Name="GameObjects.GameObject.oneHit" />
      </Keywords>
      <Links>
         <LItem URL="ms-its:SpaceShoote_wpf.chm::/topic_0000000000000064.html" LinkGroup="SpaceShoote_wpf">oneHit Field</LItem>
      </Links>
   </Context>
   

   <Context>
      <Keywords>
         <KItem Name="GameObjects.GameWave.otherObjects" />
      </Keywords>
      <Links>
         <LItem URL="ms-its:SpaceShoote_wpf.chm::/topic_0000000000000074.html" LinkGroup="SpaceShoote_wpf">otherObjects Field</LItem>
      </Links>
   </Context>
   

   <Context>
      <Keywords>
         <KItem Name="GameObjects.GameObject.parent" />
      </Keywords>
      <Links>
         <LItem URL="ms-its:SpaceShoote_wpf.chm::/topic_000000000000004D.html" LinkGroup="SpaceShoote_wpf">parent Field</LItem>
      </Links>
   </Context>
   

   <Context>
      <Keywords>
         <KItem Name="GameObjects.GameWorld.pause" />
      </Keywords>
      <Links>
         <LItem URL="ms-its:SpaceShoote_wpf.chm::/topic_000000000000008F.html" LinkGroup="SpaceShoote_wpf">pause Field</LItem>
      </Links>
   </Context>
   

   <Context>
      <Keywords>
         <KItem Name="GameObjects.GameWorld.pauseText" />
      </Keywords>
      <Links>
         <LItem URL="ms-its:SpaceShoote_wpf.chm::/topic_0000000000000099.html" LinkGroup="SpaceShoote_wpf">pauseText Field</LItem>
      </Links>
   </Context>
   

   <Context>
      <Keywords>
         <KItem Name="GameObjects.Bar.percent" />
      </Keywords>
      <Links>
         <LItem URL="ms-its:SpaceShoote_wpf.chm::/topic_000000000000001B.html" LinkGroup="SpaceShoote_wpf">percent Field</LItem>
      </Links>
   </Context>
   

   <Context>
      <Keywords>
         <KItem Name="GameObjects.GameWorld.player" />
      </Keywords>
      <Links>
         <LItem URL="ms-its:SpaceShoote_wpf.chm::/topic_0000000000000093.html" LinkGroup="SpaceShoote_wpf">player Field</LItem>
      </Links>
   </Context>
   

   <Context>
      <Keywords>
         <KItem Name="GameObjects.GameWorld.playerHealth" />
      </Keywords>
      <Links>
         <LItem URL="ms-its:SpaceShoote_wpf.chm::/topic_0000000000000094.html" LinkGroup="SpaceShoote_wpf">playerHealth Field</LItem>
      </Links>
   </Context>
   

   <Context>
      <Keywords>
         <KItem Name="GameObjects.GameObject.points" />
      </Keywords>
      <Links>
         <LItem URL="ms-its:SpaceShoote_wpf.chm::/topic_0000000000000066.html" LinkGroup="SpaceShoote_wpf">points Field</LItem>
      </Links>
   </Context>
   

   <Context>
      <Keywords>
         <KItem Name="GameObjects.GameWorld.pressStart" />
      </Keywords>
      <Links>
         <LItem URL="ms-its:SpaceShoote_wpf.chm::/topic_000000000000009B.html" LinkGroup="SpaceShoote_wpf">pressStart Field</LItem>
      </Links>
   </Context>
   

   <Context>
      <Keywords>
         <KItem Name="GameObjects.GameWorld.previousGameTick" />
      </Keywords>
      <Links>
         <LItem URL="ms-its:SpaceShoote_wpf.chm::/topic_0000000000000089.html" LinkGroup="SpaceShoote_wpf">previousGameTick Field</LItem>
      </Links>
   </Context>
   

   <Context>
      <Keywords>
         <KItem Name="GameObjects.Ship.projectile" />
      </Keywords>
      <Links>
         <LItem URL="ms-its:SpaceShoote_wpf.chm::/topic_00000000000000B9.html" LinkGroup="SpaceShoote_wpf">projectile Field</LItem>
      </Links>
   </Context>
   

   <Context>
      <Keywords>
         <KItem Name="GameObjects.Ship.projectile1" />
      </Keywords>
      <Links>
         <LItem URL="ms-its:SpaceShoote_wpf.chm::/topic_00000000000000BA.html" LinkGroup="SpaceShoote_wpf">projectile1 Field</LItem>
      </Links>
   </Context>
   

   <Context>
      <Keywords>
         <KItem Name="GameObjects.GameWorld.realTimeScore" />
      </Keywords>
      <Links>
         <LItem URL="ms-its:SpaceShoote_wpf.chm::/topic_0000000000000097.html" LinkGroup="SpaceShoote_wpf">realTimeScore Field</LItem>
      </Links>
   </Context>
   

   <Context>
      <Keywords>
         <KItem Name="GameObjects.GameWorld.rtScoreText" />
      </Keywords>
      <Links>
         <LItem URL="ms-its:SpaceShoote_wpf.chm::/topic_0000000000000098.html" LinkGroup="SpaceShoote_wpf">rtScoreText Field</LItem>
      </Links>
   </Context>
   

   <Context>
      <Keywords>
         <KItem Name="GameObjects.GameWorld.score" />
      </Keywords>
      <Links>
         <LItem URL="ms-its:SpaceShoote_wpf.chm::/topic_000000000000008E.html" LinkGroup="SpaceShoote_wpf">score Field</LItem>
      </Links>
   </Context>
   

   <Context>
      <Keywords>
         <KItem Name="GameObjects.GameWorld.scoreNumber" />
      </Keywords>
      <Links>
         <LItem URL="ms-its:SpaceShoote_wpf.chm::/topic_000000000000009D.html" LinkGroup="SpaceShoote_wpf">scoreNumber Field</LItem>
      </Links>
   </Context>
   

   <Context>
      <Keywords>
         <KItem Name="GameObjects.GameWorld.scoreText" />
      </Keywords>
      <Links>
         <LItem URL="ms-its:SpaceShoote_wpf.chm::/topic_000000000000009C.html" LinkGroup="SpaceShoote_wpf">scoreText Field</LItem>
      </Links>
   </Context>
   

   <Context>
      <Keywords>
         <KItem Name="GameObjects.GameWorld.showGameOver" />
      </Keywords>
      <Links>
         <LItem URL="ms-its:SpaceShoote_wpf.chm::/topic_000000000000009E.html" LinkGroup="SpaceShoote_wpf">showGameOver Field</LItem>
      </Links>
   </Context>
   

   <Context>
      <Keywords>
         <KItem Name="GameObjects.GameObject.showHitbox" />
      </Keywords>
      <Links>
         <LItem URL="ms-its:SpaceShoote_wpf.chm::/topic_000000000000005E.html" LinkGroup="SpaceShoote_wpf">showHitbox Field</LItem>
      </Links>
   </Context>
   

   <Context>
      <Keywords>
         <KItem Name="GameObjects.GameObject.slowFactor" />
      </Keywords>
      <Links>
         <LItem URL="ms-its:SpaceShoote_wpf.chm::/topic_0000000000000059.html" LinkGroup="SpaceShoote_wpf">slowFactor Field</LItem>
      </Links>
   </Context>
   

   <Context>
      <Keywords>
         <KItem Name="GameObjects.GameObject.spriteCount" />
      </Keywords>
      <Links>
         <LItem URL="ms-its:SpaceShoote_wpf.chm::/topic_0000000000000053.html" LinkGroup="SpaceShoote_wpf">spriteCount Field</LItem>
      </Links>
   </Context>
   

   <Context>
      <Keywords>
         <KItem Name="GameObjects.GameObject.spriteCycle" />
      </Keywords>
      <Links>
         <LItem URL="ms-its:SpaceShoote_wpf.chm::/topic_0000000000000052.html" LinkGroup="SpaceShoote_wpf">spriteCycle Field</LItem>
      </Links>
   </Context>
   

   <Context>
      <Keywords>
         <KItem Name="GameObjects.GameObject.spriteSheet" />
      </Keywords>
      <Links>
         <LItem URL="ms-its:SpaceShoote_wpf.chm::/topic_000000000000004E.html" LinkGroup="SpaceShoote_wpf">spriteSheet Field</LItem>
      </Links>
   </Context>
   

   <Context>
      <Keywords>
         <KItem Name="GameObjects.GameObject.spriteSizeX" />
      </Keywords>
      <Links>
         <LItem URL="ms-its:SpaceShoote_wpf.chm::/topic_000000000000004F.html" LinkGroup="SpaceShoote_wpf">spriteSizeX Field</LItem>
      </Links>
   </Context>
   

   <Context>
      <Keywords>
         <KItem Name="GameObjects.GameObject.spriteSizeY" />
      </Keywords>
      <Links>
         <LItem URL="ms-its:SpaceShoote_wpf.chm::/topic_0000000000000050.html" LinkGroup="SpaceShoote_wpf">spriteSizeY Field</LItem>
      </Links>
   </Context>
   

   <Context>
      <Keywords>
         <KItem Name="GameObjects.Bar.startColor" />
      </Keywords>
      <Links>
         <LItem URL="ms-its:SpaceShoote_wpf.chm::/topic_0000000000000019.html" LinkGroup="SpaceShoote_wpf">startColor Field</LItem>
      </Links>
   </Context>
   

   <Context>
      <Keywords>
         <KItem Name="GameObjects.GameObject.tag" />
      </Keywords>
      <Links>
         <LItem URL="ms-its:SpaceShoote_wpf.chm::/topic_0000000000000060.html" LinkGroup="SpaceShoote_wpf">tag Field</LItem>
      </Links>
   </Context>
   

   <Context>
      <Keywords>
         <KItem Name="GameObjects.GameWave.timeLimit" />
      </Keywords>
      <Links>
         <LItem URL="ms-its:SpaceShoote_wpf.chm::/topic_0000000000000075.html" LinkGroup="SpaceShoote_wpf">timeLimit Field</LItem>
      </Links>
   </Context>
   

   <Context>
      <Keywords>
         <KItem Name="GameObjects.GameObject.transitionDuration" />
      </Keywords>
      <Links>
         <LItem URL="ms-its:SpaceShoote_wpf.chm::/topic_0000000000000055.html" LinkGroup="SpaceShoote_wpf">transitionDuration Field</LItem>
      </Links>
   </Context>
   

   <Context>
      <Keywords>
         <KItem Name="GameObjects.GameObject.transitionTime" />
      </Keywords>
      <Links>
         <LItem URL="ms-its:SpaceShoote_wpf.chm::/topic_0000000000000057.html" LinkGroup="SpaceShoote_wpf">transitionTime Field</LItem>
      </Links>
   </Context>
   

   <Context>
      <Keywords>
         <KItem Name="GameObjects.GameObject.transitionTo" />
      </Keywords>
      <Links>
         <LItem URL="ms-its:SpaceShoote_wpf.chm::/topic_0000000000000056.html" LinkGroup="SpaceShoote_wpf">transitionTo Field</LItem>
      </Links>
   </Context>
   

   <Context>
      <Keywords>
         <KItem Name="GameObjects.GameWorld.waveTimer" />
      </Keywords>
      <Links>
         <LItem URL="ms-its:SpaceShoote_wpf.chm::/topic_0000000000000095.html" LinkGroup="SpaceShoote_wpf">waveTimer Field</LItem>
      </Links>
   </Context>
   

   <Context>
      <Keywords>
         <KItem Name="GameObjects.GameWorld.wavesCleared" />
      </Keywords>
      <Links>
         <LItem URL="ms-its:SpaceShoote_wpf.chm::/topic_000000000000008D.html" LinkGroup="SpaceShoote_wpf">wavesCleared Field</LItem>
      </Links>
   </Context>
   

   <Context>
      <Keywords>
         <KItem Name="SpaceShoote_wpf.MainWindow.width" />
      </Keywords>
      <Links>
         <LItem URL="ms-its:SpaceShoote_wpf.chm::/topic_0000000000000005.html" LinkGroup="SpaceShoote_wpf">width Field</LItem>
      </Links>
   </Context>
   

   <Context>
      <Keywords>
         <KItem Name="GameObjects.GameWorld.windowSize" />
      </Keywords>
      <Links>
         <LItem URL="ms-its:SpaceShoote_wpf.chm::/topic_0000000000000091.html" LinkGroup="SpaceShoote_wpf">windowSize Field</LItem>
      </Links>
   </Context>
   

</DynamicHelp>

